{
    "TTTo2L2Nu_CP5_13p6TeV_powheg-pythia8": 0.0008247743605098283,
    "TTTo2L2Nu_CP5_13p6TeV_powheg-pythia8_LHEScaleSumw": [
        0.8881718077144768,
        0.9034171276381996,
        0.9133225880181252,
        0.9769148370842798,
        0.9999975217159633,
        1.0183611501899659,
        1.079900471368239,
        1.1103960237457664,
        1.1367011141698218
    ],
    "DYJetsToLL_M-50_TuneCP5_13p6TeV-madgraphMLM-pythia8": 1.8910239469934627,
    "DYJetsToLL_M-50_TuneCP5_13p6TeV-madgraphMLM-pythia8_LHEScaleSumw": [
        1.116792608610765,
        0.9958284082902995,
        0.9072272996159111,
        1.1219189345507612,
        0.910738526374889,
        1.126152352881304,
        1.0034427371739676,
        0.9136347700000026
    ],
    "DYJetsToLL_M-10to50_TuneCP5_13p6TeV-madgraphMLM-pythia8": 6.743637243848143,
    "DYJetsToLL_M-10to50_TuneCP5_13p6TeV-madgraphMLM-pythia8_LHEScaleSumw": [
        1.485247819951632,
        0.9954096225375241,
        0.7218770004444054,
        1.4942544988013955,
        0.7245367414736807,
        1.5011022772631655,
        1.0034818354230202,
        0.7265515183610115
    ],
    "TTTo2L2Nu_Hdamp-150p7_CP5_13p6TeV_powheg-pythia8": 0.0010153063192400457,
    "TTTo2L2Nu_Hdamp-150p7_CP5_13p6TeV_powheg-pythia8_LHEScaleSumw": [
        0.8881737582466452,
        0.9031910758377764,
        0.9128994881195193,
        0.9771172476473132,
        1.000003684281627,
        1.0181798447759243,
        1.0802783925236283,
        1.1105929674533344,
        1.136730009097338
    ],
    "TTTo2L2Nu_Hdamp-397p6_CP5_13p6TeV_powheg-pythia8": 0.0008163942394120485,
    "TTTo2L2Nu_Hdamp-397p6_CP5_13p6TeV_powheg-pythia8_LHEScaleSumw": [
        0.8879544933846069,
        0.903399710841921,
        0.9135399525438886,
        0.976731320464336,
        0.9999975123449876,
        1.0185821278815073,
        1.0797421697783156,
        1.1104143926436387,
        1.1369325651974613
    ]
}